,City,Cloudiness,Country,Date,Humidity,Lat,Lng,Max temp,Wind Speed
0,Rikitea,62,PF,1567699424,86,-23.12,-134.97,70.97,21.59
1,Jamestown,66,AU,1567699424,82,-33.21,138.6,45.23,13.15
2,Chuy,78,UY,1567699425,58,-33.69,-53.46,49.01,6.15
3,Busselton,0,AU,1567699425,62,-33.64,115.35,41.0,10.69
4,Neka,20,IR,1567699425,57,36.65,53.3,78.8,4.7
5,Nome,1,US,1567699425,55,30.04,-94.42,93.0,3.36
6,Punta Arenas,20,CL,1567699200,80,-53.16,-70.91,41.0,5.82
7,Tasiilaq,75,GL,1567699425,70,65.61,-37.64,46.4,8.05
8,Katsuura,75,JP,1567699259,88,33.93,134.5,78.8,8.05
9,Mujiayingzi,0,CN,1567699426,45,42.12,118.78,62.87,3.74
10,Chokurdakh,64,RU,1567699426,94,70.62,147.9,32.99,7.96
11,Nikolskoye,40,RU,1567699426,49,59.7,30.79,69.8,8.95
12,Igrim,10,RU,1567699426,83,63.19,64.42,52.43,4.76
13,Hilo,75,US,1567699426,83,19.71,-155.08,75.2,6.93
14,Avarua,100,CK,1567699426,73,-21.21,-159.78,73.4,14.99
15,Villa Maria,75,CO,1567699426,45,4.5,-74.09,86.0,11.41
16,Barrow,100,AR,1567699427,51,-38.31,-60.23,45.59,9.01
17,Leningradskiy,98,RU,1567699427,92,69.38,178.42,39.29,3.47
18,Atuona,0,PF,1567699427,76,-9.8,-139.03,78.35,13.91
19,Sao Filipe,87,CV,1567699427,84,14.9,-24.5,79.25,13.11
20,Isangel,20,VU,1567699427,72,-19.55,169.27,68.0,17.2
21,Jojoima,37,SL,1567699427,80,7.88,-10.79,82.67,4.47
22,Rio Grande,40,BR,1567699428,54,-32.03,-52.1,57.2,11.41
23,Butaritari,16,KI,1567699428,73,3.07,172.79,84.47,9.08
24,Walvis Bay,0,NA,1567699428,59,-22.95,14.51,64.4,9.17
25,Huarmey,100,PE,1567699428,90,-10.07,-78.15,60.35,9.82
26,Albany,1,US,1567699428,55,42.65,-73.75,70.0,8.05
27,Kodiak,1,US,1567699381,78,39.95,-94.76,80.01,10.29
28,Severo-Kurilsk,100,RU,1567699428,95,50.68,156.12,50.45,11.63
29,Nuuk,75,GL,1567699428,75,64.17,-51.74,42.8,26.4
30,Luderitz,0,NA,1567699429,52,-26.65,15.16,69.8,25.28
31,Thompson,75,CA,1567699248,70,55.74,-97.86,46.4,3.31
32,Mount Isa,0,AU,1567699429,35,-20.73,139.49,57.2,12.5
33,Alofi,59,NU,1567699429,94,-19.06,-169.92,73.4,6.93
34,Luwuk,100,ID,1567699429,97,-0.95,122.79,63.23,3.47
35,Cape Town,20,ZA,1567699429,49,-33.93,18.42,71.01,13.87
36,Kapaa,40,US,1567699429,74,22.08,-159.32,82.4,17.22
37,Ribeira Grande,40,PT,1567699349,78,38.52,-28.7,73.4,12.75
38,Mataura,100,NZ,1567699430,87,-46.19,168.86,46.0,4.0
39,Chegdomyn,48,RU,1567699430,97,51.13,133.04,52.43,3.87
40,Yumen,88,CN,1567699430,15,40.29,97.04,81.95,16.69
41,Marsh Harbour,63,BS,1567699430,78,26.54,-77.06,84.47,18.68
42,Bluff,0,AU,1567699430,26,-23.58,149.07,61.25,4.9
43,Hasaki,75,JP,1567699307,100,35.73,140.83,75.2,2.24
44,Mareeba,0,AU,1567699431,81,-16.99,145.42,57.0,3.89
45,Hojai,100,IN,1567699431,94,26.0,92.85,76.19,2.13
46,Hermanus,0,ZA,1567699431,80,-34.42,19.24,66.0,11.01
47,Georgetown,40,GY,1567699431,62,6.8,-58.16,89.6,16.11
48,Ushuaia,20,AR,1567699156,69,-54.81,-68.31,39.2,17.22
49,Tromso,75,NO,1567699431,81,69.65,18.96,50.0,10.29
50,Zhigansk,25,RU,1567699431,92,66.77,123.37,40.19,6.98
51,Bubaque,6,GW,1567699432,79,11.28,-15.83,81.41,11.41
52,Namibe,90,AO,1567699432,77,-15.19,12.15,68.0,13.87
53,Upernavik,96,GL,1567699232,86,72.79,-56.15,41.63,10.49
54,Torbay,75,CA,1567699295,78,47.66,-52.73,73.4,23.04
55,Geraldton,90,CA,1567699432,100,49.72,-86.95,48.2,8.05
56,Touros,75,BR,1567699432,62,-5.2,-35.46,86.0,11.41
57,Puerto Ayora,75,EC,1567699432,78,-0.74,-90.35,71.6,18.34
58,Morondava,0,MG,1567699432,75,-20.3,44.28,76.37,22.46
59,Brae,75,GB,1567699433,76,60.4,-1.35,51.8,8.05
60,Lasa,75,CY,1567699433,69,34.92,32.53,82.4,10.29
61,Pangody,63,RU,1567699433,71,65.85,74.49,54.23,9.91
62,Vestmannaeyjar,20,IS,1567699433,100,63.44,-20.27,48.2,17.22
63,Teya,75,MX,1567699433,66,21.05,-89.07,91.0,13.87
64,Hobart,0,AU,1567699336,86,-42.88,147.33,43.0,4.7
65,Ancud,0,CL,1567699433,53,-41.87,-73.83,50.0,2.24
66,Axim,97,GH,1567699307,84,4.87,-2.24,78.17,14.5
67,Hami,88,CN,1567699434,21,42.84,93.51,79.97,20.29
68,Eyl,7,SO,1567699434,67,7.98,49.82,79.25,27.36
69,Ä°dil,0,TR,1567699434,16,37.34,41.89,95.0,10.29
70,Joshimath,67,IN,1567699434,98,30.57,79.57,56.75,0.11
71,Marathon,75,CA,1567699434,87,48.72,-86.38,57.2,3.36
72,Bambanglipuro,98,ID,1567699435,85,-7.95,110.28,75.29,11.14
73,Mahebourg,20,MU,1567699435,78,-20.41,57.7,73.0,4.7
74,Khatanga,100,RU,1567699380,94,71.98,102.47,51.17,16.33
75,Saskylakh,100,RU,1567699435,65,71.97,114.09,39.11,12.77
76,Kenai,1,US,1567699435,93,60.55,-151.26,35.6,7.34
77,Port Alfred,100,ZA,1567699388,69,-33.59,26.89,60.01,5.01
78,Mansa,90,IN,1567699435,100,23.43,72.66,78.8,4.7
79,Bethel,90,US,1567699435,87,60.79,-161.76,51.8,13.87
80,Mar del Plata,69,AR,1567699247,52,-46.43,-67.52,39.29,13.15
81,Karratha,0,AU,1567699285,57,-20.74,116.85,65.57,12.3
82,Xai-Xai,0,MZ,1567699436,70,-25.04,33.64,73.49,13.56
83,Kavaratti,46,IN,1567699428,82,10.57,72.64,82.67,19.37
84,Ponte San Nicolo,0,IT,1567699436,42,45.37,11.92,84.99,3.36
85,Conceicao do Mato Dentro,15,BR,1567699179,50,-19.04,-43.42,80.33,11.7
86,Dikson,100,RU,1567699436,99,73.51,80.55,42.71,3.87
87,Mackay,40,CA,1567699436,87,53.65,-115.58,53.6,5.82
88,Carnarvon,3,ZA,1567699436,20,-30.97,22.13,68.63,12.5
89,Victoria,75,BN,1567699437,88,5.28,115.24,82.4,5.5
90,Son La,22,VN,1567699437,83,21.32,103.9,70.25,1.23
91,Arraial do Cabo,75,BR,1567699230,88,-22.97,-42.02,68.0,12.75
92,Dutse,0,NG,1567699437,37,11.76,9.34,94.55,4.43
93,Lebu,99,ET,1567699437,80,8.96,38.73,62.33,2.75
94,Pahrump,20,US,1567699437,37,36.21,-115.98,91.0,8.05
95,Vaini,75,IN,1567699438,94,15.34,74.49,71.6,9.17
96,Huazhou,68,CN,1567699438,91,21.65,110.64,77.63,6.06
97,Brooks,0,CA,1567699438,73,50.57,-111.89,59.0,3.0
98,Cayenne,75,GF,1567699438,55,4.94,-52.33,89.6,8.05
99,Ribeira Brava,40,PT,1567699438,61,32.65,-17.07,77.0,18.34
100,Kaa-Khem,100,RU,1567699438,60,51.7,94.56,48.29,6.53
101,Cherskiy,10,RU,1567699304,68,68.75,161.3,40.37,7.16
102,San Patricio,100,PY,1567699439,51,-26.98,-56.83,61.25,7.2
103,East London,75,ZA,1567699439,72,-33.02,27.91,59.0,11.41
104,Sisimiut,100,GL,1567699439,86,66.94,-53.67,41.45,5.93
105,Palana,100,RU,1567699439,92,59.08,159.95,51.35,24.29
106,Trebinje,0,HR,1567699278,65,42.71,18.35,84.2,10.29
107,Yellowknife,90,CA,1567699221,93,62.45,-114.38,46.4,5.82
108,Saint George,20,GR,1567699439,48,39.45,22.34,86.0,11.41
109,Linhares,81,BR,1567699440,60,-19.38,-40.06,81.41,7.09
110,Tiksi,99,RU,1567699440,86,71.64,128.87,40.91,5.75
111,Tarakan,26,ID,1567699440,82,3.3,117.63,81.41,5.28
112,Krasnyy Klyuch,92,RU,1567699440,96,55.39,56.65,48.83,1.19
113,Ust-Omchug,97,RU,1567699440,83,61.13,149.63,42.71,0.72
114,Cesis,17,LV,1567699440,56,57.31,25.27,71.01,1.99
115,Antofagasta,20,CL,1567699203,67,-23.65,-70.4,59.0,10.29
116,Saint Anthony,1,US,1567699441,55,43.97,-111.68,73.99,6.93
117,Tuatapere,93,NZ,1567699441,87,-46.13,167.69,46.0,4.0
118,Keetmanshoop,0,NA,1567699441,8,-26.57,18.15,87.8,11.41
119,Komsomolskiy,40,RU,1567699441,72,67.55,63.78,57.11,11.25
120,Gravdal,40,NO,1567699441,81,59.79,5.78,53.01,23.04
121,Wairoa,100,NZ,1567699441,90,-39.04,177.43,53.01,8.01
122,Cidreira,86,BR,1567699442,50,-30.17,-50.22,58.55,8.16
123,Sioux Lookout,90,CA,1567699442,93,50.1,-91.92,57.2,4.03
124,Mwinilunga,78,ZM,1567699442,10,-11.73,24.43,90.23,5.12
125,Hithadhoo,98,MV,1567699442,79,-0.6,73.08,83.39,13.76
126,Valpacos,0,PT,1567699442,24,41.61,-7.31,77.27,11.83
127,Souillac,0,FR,1567699442,40,45.6,-0.6,73.0,11.41
128,Klaksvik,75,FO,1567699433,93,62.23,-6.59,51.8,9.17
129,Hofn,90,IS,1567699443,76,64.25,-15.21,51.8,6.93
130,Pangnirtung,75,CA,1567699443,61,66.15,-65.72,46.4,3.36
131,Kraskino,100,RU,1567699443,98,42.71,130.78,62.51,1.43
132,Gazanjyk,0,TM,1567699443,20,39.24,55.52,80.33,7.4
133,Qaanaaq,24,GL,1567699443,52,77.48,-69.36,31.73,7.47
134,Vila Velha,20,BR,1567699443,55,-3.71,-38.6,86.0,16.11
135,Tabou,69,CI,1567699443,79,4.42,-7.36,79.25,9.33
136,Iqaluit,75,CA,1567699444,65,63.75,-68.52,46.4,2.24
137,Praia da Vitoria,75,PT,1567699444,83,38.73,-27.07,71.6,20.76
138,Khorixas,0,NA,1567699444,16,-20.37,14.96,84.83,20.0
139,Hwange,0,ZW,1567699444,15,-18.35,26.5,87.89,6.71
140,Alcaudete,40,ES,1567699444,24,37.59,-4.08,91.99,13.87
141,Karasjok,40,NO,1567699445,71,69.47,25.52,50.0,4.7
142,Yulara,0,AU,1567699445,39,-25.24,130.99,62.6,13.87
143,Aklavik,90,CA,1567699445,100,68.22,-135.01,46.4,2.24
144,Riyadh,66,SA,1567699271,12,24.63,46.72,105.8,9.17
145,Casper,1,US,1567699445,27,42.87,-106.31,73.4,5.82
146,Birao,42,CF,1567699445,80,10.3,22.78,77.81,3.22
147,Abha,40,SA,1567699446,11,18.22,42.5,86.0,17.22
148,Filingue,0,NE,1567699446,30,14.35,3.32,99.23,9.06
149,Caravelas,36,BR,1567699446,68,-17.73,-39.27,76.55,7.81
150,Oistins,40,BB,1567699155,74,13.07,-59.53,87.8,11.41
151,Mezen,26,RU,1567699446,69,65.85,44.24,59.99,7.2
152,New Norfolk,0,AU,1567699446,86,-42.78,147.06,43.0,4.7
153,Falakata,65,IN,1567699447,81,26.52,89.2,83.39,4.54
154,Tambaram,40,IN,1567699447,62,12.93,80.11,87.8,11.41
155,Pevek,54,RU,1567699250,77,69.7,170.27,42.89,6.78
156,Minab,0,IR,1567699447,79,27.15,57.07,91.4,6.93
157,Cabo San Lucas,40,MX,1567699311,48,22.89,-109.91,89.01,9.17
158,Padang,0,ID,1567699333,85,-0.92,100.36,81.77,18.52
159,Marsa Matruh,0,EG,1567699447,66,31.35,27.25,84.2,13.87
160,Husavik,35,CA,1567699312,88,50.56,-96.99,63.0,3.0
161,Chebsara,20,RU,1567699448,82,59.2,38.84,57.2,0.11
162,Biltine,4,TD,1567699448,28,14.53,20.93,96.89,2.13
163,Gimli,99,CA,1567699448,86,50.63,-96.99,63.0,6.11
164,Chifeng,0,CN,1567699311,53,42.27,118.96,61.61,2.93
165,Tabuk,100,PH,1567699448,98,17.41,121.44,64.31,2.17
166,Bredasdorp,90,ZA,1567699448,62,-34.53,20.04,59.0,20.8
167,Sherkot,0,IN,1567699449,72,29.32,78.57,83.75,2.42
168,Margate,0,AU,1567699449,86,-43.03,147.26,43.0,4.7
169,Bambous Virieux,20,MU,1567699449,78,-20.34,57.76,73.0,4.7
170,Skibbereen,75,IE,1567699449,55,51.55,-9.27,64.4,9.17
171,Castro,0,CL,1567699449,53,-42.48,-73.76,50.0,2.24
172,Coquimbo,75,CL,1567699328,62,-29.95,-71.34,57.2,2.24
173,Macherla,100,IN,1567699449,78,16.48,79.44,77.81,16.64
174,Trat,100,TH,1567699450,88,12.25,102.51,84.0,4.99
175,Lima,90,PE,1567699280,82,-12.06,-77.04,62.6,8.05
176,Briancon,73,FR,1567699450,52,44.9,6.65,73.0,4.0
177,Kaitangata,100,NZ,1567699450,73,-46.28,169.85,46.99,11.01
178,Alcaniz,0,ES,1567699450,33,41.05,-0.13,73.0,14.0
179,Rawson,75,AR,1567699451,60,-43.3,-65.11,42.8,6.93
180,Itarema,82,BR,1567699451,44,-2.92,-39.92,90.95,11.61
181,Constitucion,75,MX,1567699451,72,23.99,-104.67,66.0,2.24
182,Oranjemund,0,ZA,1567699451,85,-28.55,16.43,56.75,17.22
183,Beringovskiy,100,RU,1567699451,94,63.05,179.32,43.25,0.67
184,Svetlogorsk,90,RU,1567699451,93,53.14,59.15,50.0,6.71
185,Kirakira,100,SB,1567699452,78,-10.46,161.92,72.59,12.35
186,Diamantino,0,BR,1567699452,15,-14.4,-56.44,107.87,1.79
187,Gat,75,SN,1567699452,74,14.69,-16.54,87.8,11.41
188,Jena,0,DE,1567699452,42,50.93,11.59,71.01,13.87
189,Matara,20,BI,1567699452,40,-3.48,29.48,86.0,27.51
190,Palmer,75,AU,1567699452,66,-34.85,139.16,54.0,23.04
191,Alta Floresta,41,BR,1567699453,49,-9.87,-56.08,93.2,8.05
192,Harper,1,US,1567699453,48,30.3,-99.24,86.0,10.29
193,Halifax,20,CA,1567699170,68,44.65,-63.58,71.01,12.75
194,Ryotsu,0,JP,1567699325,94,38.08,138.43,73.4,1.12
195,Puerto Escondido,76,MX,1567699453,59,15.86,-97.07,85.91,1.25
196,Naze,100,NG,1567699453,86,5.43,7.07,78.53,7.25
197,High Level,20,CA,1567699453,87,58.52,-117.13,51.8,3.36
198,Vardo,90,US,1567699278,64,39.62,-77.74,75.0,5.82
199,Tiznit,0,MA,1567699454,77,29.7,-9.73,68.99,5.12
200,Waipawa,100,NZ,1567699454,96,-39.94,176.59,46.99,1.01
201,Provideniya,50,RU,1567699454,95,64.42,-173.23,41.27,1.03
202,Narsaq,75,GL,1567699236,55,60.91,-46.05,48.2,3.36
203,Port Elizabeth,75,US,1567699454,60,39.31,-74.98,75.99,11.41
204,Tshikapa,23,CD,1567699454,29,-6.42,20.79,93.83,3.33
205,Ilinge,99,ZA,1567699455,72,-31.98,27.04,50.63,15.19
206,Baberu,89,IN,1567699455,65,25.55,80.7,89.51,9.73
207,Chernyshevskiy,100,RU,1567699455,94,63.01,112.47,45.59,9.04
208,Praia,0,BR,1567699340,45,-20.25,-43.81,84.2,10.29
209,Muqui,98,BR,1567699455,68,-20.96,-41.35,74.57,5.64
210,Muzaffarabad,0,PK,1567699455,72,34.37,73.47,70.97,3.27
211,Basco,1,US,1567699455,68,40.33,-91.2,73.99,8.05
212,Iracoubo,40,GF,1567699455,56,5.48,-53.21,89.15,7.67
213,Misawa,20,JP,1567699456,94,40.75,141.38,68.0,3.36
214,Lompoc,1,US,1567699256,87,34.64,-120.46,72.0,3.36
215,Bilma,0,NE,1567699456,12,18.69,12.92,105.71,6.22
216,Broome,0,GB,1567699456,39,52.47,1.45,66.0,11.41
217,Emerald,0,AU,1567699456,23,-23.53,148.16,68.0,4.7
218,Shingu,74,JP,1567699457,97,33.72,135.99,67.91,6.11
219,Beyneu,0,KZ,1567699457,29,45.32,55.19,68.09,8.86
220,Uaua,8,BR,1567699457,34,-9.84,-39.48,85.73,13.67
221,Fort Nelson,20,CA,1567699457,81,58.81,-122.69,46.4,4.7
222,Vilcun,90,CL,1567699369,87,-38.65,-72.23,48.2,8.05
223,Tadine,0,NC,1567699457,72,-21.55,167.88,68.27,17.11
224,Agidel,99,RU,1567699457,85,55.9,53.94,55.67,4.7
225,Hamilton,40,CA,1567699221,59,43.26,-79.87,70.0,1.54
226,Kapuskasing,90,CA,1567699458,93,49.42,-82.43,50.0,3.36
227,Pacific Grove,90,US,1567699458,82,36.62,-121.92,64.0,9.73
228,Sur,0,OM,1567699458,57,22.57,59.53,83.93,1.81
229,Umm Lajj,0,SA,1567699458,73,25.02,37.27,85.01,11.25
230,Big Rapids,1,US,1567699249,55,43.7,-85.48,66.99,1.77
231,Honiara,75,SB,1567699458,94,-9.43,159.96,75.2,3.36
232,Santa Maria,0,BR,1567699163,21,-16.02,-48.01,89.6,17.22
233,Kachug,77,RU,1567699458,96,53.96,105.89,44.33,3.44
234,Saint-Philippe,1,CA,1567699459,52,45.36,-73.48,66.99,4.7
235,Yagodnoye,82,RU,1567699459,91,62.52,149.63,39.83,3.47
236,Ituango,88,CO,1567699459,66,7.17,-75.76,71.69,2.33
237,Jurm,0,AF,1567699459,59,36.86,70.83,49.37,3.15
238,Japura,5,ID,1567699459,74,-0.42,102.29,77.27,4.0
239,Ouadda,96,CF,1567699459,92,8.07,22.4,72.23,4.0
240,Makakilo City,1,US,1567699460,74,21.35,-158.09,82.4,5.82
241,Houma,0,CN,1567699460,38,35.63,111.36,72.41,4.34
242,Dingle,87,PH,1567699460,86,11.0,122.67,74.93,5.37
243,Genhe,8,CN,1567699460,98,50.78,121.52,51.17,2.82
244,Broken Hill,0,AU,1567699460,47,-31.97,141.45,57.2,17.22
245,Barabinsk,6,RU,1567699460,86,55.35,78.35,50.09,9.53
246,Guerrero Negro,0,MX,1567699460,84,27.97,-114.04,72.05,1.05
247,San Cristobal,48,HN,1567699461,52,14.68,-86.92,79.79,7.02
248,Nkpor,100,NG,1567699461,84,6.15,6.84,80.51,8.81
249,Alangayam,94,IN,1567699461,69,12.62,78.75,77.81,8.61
250,San Andres,76,PH,1567699312,82,13.32,122.68,80.33,11.07
251,Coahuayana,45,MX,1567699461,89,18.62,-100.35,74.75,1.03
252,Vangaindrano,0,MG,1567699461,86,-23.35,47.6,68.81,3.67
253,Saint-Francois,0,FR,1567699462,45,46.42,3.91,66.2,14.99
254,Esperance,100,AU,1567699462,75,-33.86,121.89,42.8,4.7
255,Ponta do Sol,0,BR,1567699462,35,-20.63,-46.0,85.01,9.48
256,Clyde River,75,CA,1567699462,81,70.47,-68.59,42.8,5.82
257,Maniwaki,55,CA,1567699462,46,46.38,-75.98,61.07,5.37
258,Innisfail,7,AU,1567699416,37,-17.52,146.03,59.27,4.47
259,Chizhou,0,CN,1567699462,92,30.67,117.49,72.77,5.17
260,Mirnyy,24,RU,1567699463,77,56.57,36.46,63.59,3.62
261,Albanel,90,CA,1567699463,76,48.88,-72.44,54.0,6.93
262,Miles City,1,US,1567699463,42,46.41,-105.84,69.01,5.82
263,Tura,9,RU,1567699463,75,64.27,100.22,34.97,2.35
264,Piacabucu,0,BR,1567699463,60,-10.41,-36.43,80.51,7.9
265,Dapdap,92,PH,1567699463,87,14.05,121.57,75.0,3.58
266,Muzhi,8,RU,1567699464,82,65.4,64.7,55.31,8.55
267,Saldanha,0,PT,1567699464,23,41.42,-6.55,78.89,13.18
268,Ossora,93,RU,1567699464,85,59.24,163.07,42.17,2.01
269,Labuhan,70,ID,1567699464,84,-2.54,115.51,74.03,2.1
270,Faanui,70,PF,1567699464,83,-16.48,-151.75,76.73,23.09
271,Yangambi,3,CD,1567699464,47,0.77,24.47,90.23,1.52
272,College,75,US,1567699465,87,64.86,-147.8,46.4,2.08
273,Wadi Musa,0,JO,1567699436,39,30.32,35.48,86.81,22.75
274,Sitka,0,US,1567699465,48,37.17,-99.65,86.0,11.01
275,Biak,100,ID,1567699465,97,-0.91,122.88,63.23,3.47
276,Port Hawkesbury,90,CA,1567699465,87,45.62,-61.36,66.99,14.99
277,Los Llanos de Aridane,75,ES,1567699465,73,28.66,-17.92,77.0,4.7
278,Santana,40,BR,1567699466,52,-0.06,-51.18,91.4,16.11
279,Sokoni,0,CD,1567699466,23,-12.89,28.78,82.99,1.99
280,Tsimlyansk,2,RU,1567699466,26,47.65,42.1,73.49,9.4
281,Luchegorsk,40,RU,1567699466,97,46.44,134.3,58.91,4.81
282,Slave Lake,1,CA,1567699466,76,55.28,-114.77,57.2,8.05
283,Sechelt,20,CA,1567699466,67,49.47,-123.76,66.99,9.17
284,Kruisfontein,92,ZA,1567699466,69,-34.0,24.73,54.95,13.47
285,Karasburg,0,NA,1567699467,14,-28.01,18.75,79.97,16.04
286,Zelenogorskiy,0,RU,1567699467,93,55.03,87.0,50.0,4.47
287,Xingyi,100,CN,1567699467,95,24.19,102.82,60.89,2.82
288,Sao Joao da Barra,90,BR,1567699467,88,-21.64,-41.05,73.4,13.87
289,Kununurra,0,AU,1567699467,68,-15.77,128.74,69.8,1.12
290,Erdenet,100,MN,1567699467,95,49.03,104.04,54.23,3.42
291,Yerbogachen,100,RU,1567699468,93,61.28,108.01,43.97,6.76
292,Kawalu,100,ID,1567699468,95,-7.38,108.21,63.05,3.04
293,Anadyr,75,RU,1567699468,93,64.73,177.51,42.8,4.47
294,Birjand,0,IR,1567699468,13,32.86,59.22,82.4,9.17
295,Matadi,100,CD,1567699468,57,-5.83,13.46,82.85,7.27
296,Necochea,100,AR,1567699468,60,-38.55,-58.74,50.0,1.99
297,Sao Caetano de Odivelas,0,BR,1567699469,79,-0.75,-48.02,81.23,22.01
298,Sibolga,14,ID,1567699469,82,1.74,98.78,82.85,13.04
299,Erdaojiang,0,CN,1567699469,96,41.78,126.03,59.63,2.48
300,Kinkala,40,CG,1567699469,58,-4.35,14.75,82.4,11.41
301,Leshukonskoye,93,RU,1567699470,81,64.9,45.76,57.65,4.16
302,Saint-Paul,0,FR,1567699470,42,45.22,1.9,69.01,14.99
303,Sistranda,75,NO,1567699470,81,63.73,8.83,54.0,20.8
304,Disa,100,NG,1567699470,52,11.03,13.59,89.87,1.7
305,Kasempa,0,ZM,1567699470,12,-13.46,25.83,89.15,7.07
306,Veinticinco de Mayo,100,AR,1567699470,56,-27.38,-54.75,62.01,3.0
307,Dunedin,100,NZ,1567699228,77,-45.87,170.5,48.0,20.0
308,Talnakh,75,RU,1567699302,93,69.49,88.39,50.0,13.42
309,Bayan,100,CN,1567699432,63,36.1,102.26,58.91,2.26
310,Tuktoyaktuk,20,CA,1567699471,100,69.44,-133.03,39.2,4.7
311,Kui Buri,100,TH,1567699471,98,12.07,99.86,70.61,6.33
312,Nokaneng,0,BW,1567699471,8,-19.66,22.19,95.09,2.86
313,Laguna,20,BZ,1567699471,70,16.17,-88.94,87.8,2.1
314,Okakarara,0,NA,1567699471,8,-20.59,17.46,86.81,14.41
315,Terney,100,RU,1567699472,89,45.05,136.61,62.51,3.58
316,Warren,1,US,1567699472,59,42.48,-83.03,70.0,6.93
317,Bathsheba,40,BB,1567699472,74,13.22,-59.52,87.8,11.41
318,Westport,1,US,1567699211,59,41.14,-73.36,72.0,3.47
319,Viedma,100,AR,1567699472,48,-40.81,-62.99,46.31,11.45
320,Gold Coast,0,AU,1567699472,87,-28.0,153.41,60.01,1.12
321,San Juan,95,AR,1567699206,29,-31.54,-68.53,45.23,5.93
322,Carutapera,23,BR,1567699473,60,-1.2,-46.02,85.37,10.8
323,Turan,72,RU,1567699473,90,52.15,93.92,38.39,4.05
324,Tottori,65,JP,1567699473,85,35.5,134.23,75.11,5.06
325,Armidale,0,AU,1567699473,28,-30.51,151.67,50.81,5.59
326,Turayf,0,SA,1567699473,21,31.68,38.65,91.4,9.17
327,Kaliua,0,TZ,1567699473,17,-5.06,31.79,91.13,4.56
328,Kem,44,UG,1567699473,67,2.68,33.77,78.89,1.5
329,Codrington,0,AU,1567699474,77,-28.95,153.24,62.6,4.7
330,Kalavad,100,IN,1567699474,10,22.21,70.38,80.01,10.98
331,San Policarpo,100,PH,1567699474,84,12.18,125.51,79.25,8.55
332,Charters Towers,0,AU,1567699474,21,-20.07,146.27,61.07,6.64
333,Kathu,57,ZA,1567699474,22,-27.7,23.05,75.0,10.54
334,Hobyo,1,SO,1567699474,74,5.35,48.53,78.89,26.96
335,Warrnambool,0,AU,1567699475,100,-38.38,142.48,50.0,1.99
336,Port Macquarie,75,AU,1567699449,100,-31.43,152.91,51.8,1.5
337,Luancheng,0,CN,1567699475,88,37.88,114.65,68.0,2.24
338,Mayo,40,CA,1567699360,93,63.59,-135.9,35.6,1.16
339,Arman,95,RU,1567699475,96,59.7,150.17,49.01,2.26
340,Hoquiam,1,US,1567699475,100,46.98,-123.89,63.0,3.36
341,Ucluelet,20,CA,1567699304,93,48.94,-125.55,59.0,1.54
342,Caboolture,0,AU,1567699475,100,-27.08,152.95,62.01,4.7
343,Dongkan,14,CN,1567699476,87,34.0,119.83,68.27,5.99
344,Winnemucca,1,US,1567699476,64,40.97,-117.74,72.0,5.82
345,Nioaque,67,BR,1567699476,32,-21.16,-55.83,93.11,4.34
346,Ixtapa,5,MX,1567699476,78,20.71,-105.21,84.99,10.27
347,Cabedelo,75,BR,1567699476,62,-6.97,-34.84,84.2,16.11
348,Ararat,8,AM,1567699476,39,39.85,44.7,81.41,2.17
349,Port Hardy,90,CA,1567699476,100,50.7,-127.42,51.8,3.36
350,Doha,0,QA,1567699285,63,25.29,51.53,102.2,10.29
351,Arys,90,KZ,1567699477,31,42.43,68.8,64.4,2.24
352,Rudkobing,40,DK,1567699477,67,54.94,10.71,62.01,14.99
353,Lagoa,20,PT,1567699477,61,37.14,-8.45,84.0,9.17
354,North Vanlaiphai,100,IN,1567699477,99,23.13,93.07,70.43,0.22
355,Batemans Bay,99,AU,1567699477,92,-35.71,150.18,57.0,1.99
356,Petropavlovsk-Kamchatskiy,15,RU,1567699478,100,53.05,158.65,46.4,6.71
357,Victoria,75,BN,1567699205,88,5.28,115.24,82.4,5.5
358,Kilindoni,59,TZ,1567699478,79,-7.91,39.67,78.17,13.85
359,Mattawa,75,CA,1567699478,67,46.32,-78.7,60.8,6.93
360,Villarrica,90,CL,1567699478,87,-39.28,-72.23,48.2,8.05
361,Marzuq,100,YE,1567699478,20,14.4,46.47,90.95,15.97
362,Port Keats,0,AU,1567699479,87,-14.25,129.55,71.33,5.08
363,Te Anau,12,NZ,1567699348,83,-45.41,167.72,39.11,1.45
364,Wasilla,90,US,1567699371,93,61.58,-149.44,51.8,3.36
365,Boddam,40,GB,1567699479,63,57.47,-1.78,62.01,9.17
366,Hovd,75,NO,1567699479,76,63.83,10.7,54.0,23.04
367,Stepnoye,0,RU,1567699479,45,51.38,46.84,64.99,3.0
368,Zhirnovsk,0,RU,1567699479,46,50.98,44.78,65.21,2.46
369,Salalah,75,OM,1567699479,88,17.01,54.1,80.6,9.17
370,Hay River,90,CA,1567699480,100,60.82,-115.79,51.8,12.75
371,Kendari,21,ID,1567699480,93,-3.99,122.52,72.05,0.43
372,Pinawa,71,CA,1567699480,73,50.15,-95.88,62.33,5.48
373,Ilulissat,40,GL,1567699480,67,69.22,-51.1,44.6,4.7
374,Akdepe,0,TM,1567699480,34,42.05,59.39,69.8,6.93
375,Kuusamo,90,FI,1567699481,67,65.96,29.19,57.2,11.41
376,Ponta Delgada,75,PT,1567699249,78,37.73,-25.67,71.6,11.41
377,Dali,1,CN,1567699481,46,34.79,109.94,74.57,8.32
378,Kropotkin,42,RU,1567699481,25,45.43,40.58,84.0,10.16
379,Dawei,100,MM,1567699481,85,14.07,98.19,79.25,14.27
380,Bonga,100,ET,1567699481,96,7.26,36.25,62.69,1.28
381,Salsomaggiore Terme,20,IT,1567699481,34,44.81,9.98,84.2,11.41
382,Baykit,62,RU,1567699482,87,61.68,96.39,36.77,4.61
383,Veraval,40,FR,1567699482,59,49.65,0.71,64.0,11.41
384,Auki,0,NG,1567699482,55,12.18,6.51,89.15,7.81
385,Sinegorye,99,RU,1567699482,89,62.09,150.53,44.87,8.23
386,Sovetskaya Gavan,66,RU,1567699482,67,48.97,140.29,66.11,8.08
387,Aykhal,90,RU,1567699482,100,65.95,111.51,37.4,4.47
388,Acajutla,82,SV,1567699483,67,13.59,-89.83,82.67,2.39
389,Ahipara,70,NZ,1567699308,72,-35.17,173.16,56.93,29.19
390,Assiniboia,0,CA,1567699483,62,49.63,-105.99,64.49,13.96
391,Chhuikhadan,100,IN,1567699483,84,21.52,81.0,81.05,4.72
392,Atagay,2,RU,1567699483,88,55.1,99.39,45.77,4.03
393,Puro,100,PH,1567699484,86,13.13,123.76,79.97,4.05
394,Agadez,1,NE,1567699484,27,16.97,7.99,100.4,5.82
395,Cedar City,1,US,1567699484,63,37.68,-113.06,73.0,1.39
396,Magadan,43,RU,1567699484,96,59.56,150.8,52.61,8.01
397,Meulaboh,88,ID,1567699484,81,4.14,96.13,83.21,9.98
398,Berlevag,0,NO,1567699484,81,70.86,29.09,50.0,6.93
399,Nanortalik,100,GL,1567699485,76,60.14,-45.24,42.71,5.01
400,Baneh,0,IR,1567699485,23,35.99,45.88,77.0,5.82
401,Tessalit,24,ML,1567699485,10,20.2,1.01,108.23,8.21
402,Djougou,75,BJ,1567699485,74,9.71,1.67,82.4,4.7
403,Aksu,90,KZ,1567699477,42,52.04,76.93,64.4,15.66
404,Norrtalje,0,SE,1567699485,51,59.76,18.7,64.0,16.11
405,Algiers,1,US,1567699485,55,29.94,-90.04,91.99,4.7
406,Uvira,20,CD,1567699486,40,-3.41,29.14,86.0,27.51
407,Tiarei,20,PF,1567699486,78,-17.53,-149.33,73.4,1.12
408,Corum,81,TR,1567699486,39,38.8,29.89,76.19,6.78
409,Buchanan,75,LR,1567699486,83,5.88,-10.05,82.4,10.29
410,Narathiwat,20,TH,1567699486,94,6.43,101.8,82.4,4.7
411,Kayes,40,ML,1567699486,63,14.44,-11.44,91.4,4.7
412,Gwadar,68,PK,1567699487,82,25.12,62.33,83.57,12.12
413,Khandbari,96,NP,1567699487,95,27.38,87.21,58.73,0.27
414,Vao,97,EE,1567699487,57,59.1,26.19,69.35,10.33
415,Port Moresby,0,PG,1567699487,77,-9.47,147.16,74.03,21.94
416,Hilton Head Island,90,US,1567699487,74,32.16,-80.75,84.0,21.92
417,Gornopravdinsk,98,RU,1567699487,84,60.06,69.92,50.99,4.56
418,Den Helder,90,NL,1567699487,62,52.96,4.76,62.01,19.46
419,Airai,51,TL,1567699488,87,-8.93,125.41,66.47,5.61
420,Poya,12,NC,1567699488,64,-21.35,165.16,68.63,10.83
421,Portland,20,US,1567699269,45,43.66,-70.25,70.0,4.7
422,Azangaro,40,PE,1567699488,57,-14.91,-70.2,50.0,4.7
423,Kiunga,83,PG,1567699488,99,-6.12,141.3,69.71,2.55
424,Trelew,75,AR,1567699488,60,-43.25,-65.31,42.8,6.93
425,Marawi,100,PH,1567699489,88,8.0,124.29,78.01,5.01
426,Haines Junction,47,CA,1567699248,86,60.75,-137.51,35.51,1.01
427,Acapulco,20,MX,1567699489,69,16.86,-99.88,82.4,5.82
428,Preetz,40,DE,1567699489,62,54.24,10.28,63.0,19.46
429,Humaita,90,AR,1567699489,66,-24.93,-65.37,55.4,8.05
430,Neuquen,90,AR,1567699490,45,-38.95,-68.06,42.8,14.99
431,Jinxiang,0,CN,1567699490,73,35.07,116.31,69.71,6.2
432,Poronaysk,79,RU,1567699490,88,49.22,143.1,61.25,1.97
433,Ribas do Rio Pardo,29,BR,1567699490,39,-20.45,-53.76,89.69,10.89
434,Charyshskoye,0,RU,1567699490,69,51.4,83.56,47.39,5.28
435,Badvel,100,IN,1567699490,65,14.74,79.07,81.95,13.47
436,Baracoa,81,CU,1567699490,83,20.35,-74.5,84.11,14.45
437,Springfield,1,US,1567699256,83,37.22,-93.29,82.99,4.68
438,Pauini,0,BR,1567699491,41,-7.71,-67.0,95.09,3.78
439,Yar-Sale,0,RU,1567699491,77,66.83,70.83,53.15,11.39
440,Opuwo,0,NA,1567699491,7,-18.06,13.84,94.55,12.57
441,Bandar-e Lengeh,26,IR,1567699491,63,26.56,54.88,95.0,6.93
442,Lorengau,100,PG,1567699491,82,-2.02,147.27,78.35,7.09
443,Kahului,40,US,1567699380,78,20.89,-156.47,78.8,9.17
444,Kavieng,100,PG,1567699492,78,-2.57,150.8,80.33,8.01
445,Nioro,19,GM,1567699492,60,13.79,-15.05,89.87,6.85
446,Itoman,90,JP,1567699492,94,26.12,127.67,80.6,26.4
447,Ocean City,1,US,1567699253,55,30.44,-86.61,93.99,6.93
448,Kailua,20,US,1567699492,61,21.39,-157.74,82.4,10.29
449,Gaoual,46,GN,1567699492,73,11.75,-13.2,86.81,3.83
450,Marystown,82,CA,1567699473,96,47.17,-55.16,64.49,19.66
451,Muisne,20,EC,1567699493,78,0.61,-80.02,78.8,6.93
452,Redlands,1,US,1567699202,42,34.06,-117.19,84.99,1.52
453,Pisco,90,PE,1567699493,30,-13.71,-76.2,71.6,4.7
454,Henties Bay,26,NA,1567699336,83,-22.12,14.28,57.99,8.99
455,Teahupoo,20,PF,1567699493,78,-17.83,-149.27,73.4,1.12
456,Pathein,100,MM,1567699493,90,16.78,94.73,79.25,11.77
457,Batagay,48,RU,1567699493,94,67.65,134.64,37.31,1.14
458,Fukue,75,JP,1567699411,83,35.03,136.69,78.8,11.41
459,Port-Gentil,40,GA,1567699494,74,-0.72,8.78,82.4,14.99
460,Coihaique,90,CL,1567699494,84,-45.58,-72.07,32.0,3.36
461,Port Lincoln,77,AU,1567699259,72,-34.72,135.86,55.49,34.72
462,Surt,0,LY,1567699401,73,31.21,16.59,80.15,11.39
463,Uniontown,1,US,1567699494,72,39.9,-79.72,73.0,5.82
464,Punta Alta,0,AR,1567699494,47,-27.46,-55.82,60.8,9.17
465,Vestmanna,75,FO,1567699494,93,62.16,-7.17,51.8,9.17
466,Vikulovo,87,RU,1567699495,64,55.07,40.96,65.93,4.36
467,Nieuw Amsterdam,40,SR,1567699495,46,5.88,-55.08,91.99,8.05
468,Manicore,0,BR,1567699368,30,-5.81,-61.3,104.27,1.63
469,Zacatecoluca,20,SV,1567699495,66,13.51,-88.87,87.8,4.7
470,Dickinson,1,US,1567699440,46,46.88,-102.79,78.01,10.29
471,Gladstone,0,AU,1567699495,77,-23.84,151.26,59.0,1.01
472,Bitkine,62,TD,1567699495,66,11.98,18.21,85.55,9.91
473,Havoysund,0,NO,1567699495,81,71.0,24.66,50.0,10.29
474,Kargasok,100,RU,1567699496,74,59.06,80.87,49.01,4.23
475,Kapit,29,MY,1567699496,91,2.02,112.94,75.47,0.67
476,Sobolevo,0,RU,1567699496,68,54.43,31.9,64.85,3.85
477,Nurota,0,UZ,1567699496,28,40.56,65.69,71.6,4.7
478,Port Blair,100,IN,1567699496,82,11.67,92.75,82.31,23.73
479,Byron Bay,90,AU,1567699305,82,-28.65,153.62,62.6,3.18
480,El Alto,75,BO,1567699496,61,-16.5,-68.19,50.0,2.24
481,Natchez,1,US,1567699497,55,31.56,-91.4,89.6,4.41
482,Kudahuvadhoo,93,MV,1567699497,74,2.67,72.89,83.21,8.97
483,Keskin,4,TR,1567699497,37,39.67,33.62,75.0,5.57
484,Avallon,92,FR,1567699497,45,47.49,3.91,66.0,3.0
485,Marshall,1,US,1567699445,73,39.12,-93.2,78.01,6.93
486,Ternate,40,PH,1567699497,78,14.29,120.72,82.4,8.05
487,Chincholi,97,IN,1567699497,84,17.47,77.42,75.65,14.52
488,Maceio,40,BR,1567699498,61,-9.67,-35.74,82.4,10.29
489,Sidi Ali,0,DZ,1567699498,80,36.1,0.42,76.55,24.83
490,Letlhakane,0,BW,1567699498,9,-21.42,25.59,88.97,4.72
491,Brenham,1,US,1567699498,52,30.17,-96.4,93.99,1.52
492,Rantepao,94,ID,1567699498,97,-2.97,119.9,58.55,1.97
493,Lazaro Cardenas,90,MX,1567699498,53,28.39,-105.62,73.4,3.36
494,Tommot,94,RU,1567699498,87,58.97,126.27,46.67,2.01
495,Pekalongan,83,ID,1567699499,86,-6.89,109.67,70.61,6.02
496,Pudozh,100,RU,1567699499,74,61.81,36.54,61.07,5.23
497,Lavrentiya,83,RU,1567699499,97,65.58,-170.99,42.71,6.96
498,Mount Gambier,50,AU,1567699499,93,-37.83,140.78,44.6,10.29
499,Turochak,38,RU,1567699499,72,52.26,87.12,48.65,3.15
500,Martapura,51,ID,1567699500,81,-3.41,114.85,76.91,11.48
501,Tefe,90,BR,1567699500,100,-3.35,-64.71,73.4,3.36
502,Sola,98,TZ,1567699385,29,-3.17,33.8,83.93,3.56
503,Miandrivazo,68,MG,1567699500,55,-19.53,45.46,78.71,8.23
504,Qaqortoq,75,GL,1567699299,55,60.72,-46.03,48.2,3.36
505,Carira,12,BR,1567699500,36,-10.36,-37.7,87.35,12.41
506,Dubbo,0,AU,1567699500,29,-32.25,148.6,51.8,8.05
507,Shimoda,75,JP,1567699501,83,34.7,138.93,78.8,2.24
508,Cap Malheureux,20,MU,1567699501,78,-19.98,57.61,73.0,4.7
509,Juneau,75,US,1567699303,87,58.3,-134.42,51.01,4.09
510,Camacha,40,PT,1567699502,73,33.08,-16.33,77.0,16.11
511,Okhotsk,15,RU,1567699502,53,59.36,143.24,52.25,13.62
512,Vanino,98,RU,1567699503,57,53.93,40.55,66.47,5.7
513,Baker City,20,US,1567699381,55,44.77,-117.83,70.0,4.7
514,Bandarbeyla,24,SO,1567699503,67,9.49,50.81,79.25,29.19
515,Ende,50,ID,1567699503,76,-8.84,121.65,77.45,6.31
516,Awjilah,0,LY,1567699503,27,29.14,21.3,94.01,15.05
517,Krasnogorodsk,37,RU,1567699503,74,56.83,28.28,67.73,6.62
518,Yabrud,0,SY,1567699503,45,33.97,36.66,82.4,23.04
519,Rovaniemi,90,FI,1567699504,93,66.5,25.72,51.8,10.29
520,Garoua,20,CM,1567699504,55,9.31,13.39,91.4,9.17
521,Samana,75,EC,1567699504,83,0.12,-76.97,77.0,3.36
522,Kiama,35,AU,1567699504,100,-34.67,150.86,61.0,3.36
523,Saint-Pierre,0,FR,1567699328,48,48.95,4.24,70.0,17.22
524,Alberton,100,ZA,1567699504,16,-26.25,28.13,77.0,4.09
525,Goshen,40,US,1567699286,63,41.58,-85.83,69.01,3.36
526,Cobija,84,BR,1567699505,62,-11.02,-68.77,86.0,11.41
527,Hihya,0,EG,1567699505,36,30.67,31.59,93.2,11.41
528,Cervo,0,BR,1567699505,57,-22.19,-46.24,77.0,4.23
529,Bukama,3,CD,1567699505,16,-9.2,25.85,95.99,5.03
530,Roald,40,NO,1567699505,71,62.58,6.12,53.6,12.75
531,Kloulklubed,75,PW,1567699399,83,7.04,134.26,80.6,10.29
532,Nemuro,100,JP,1567699437,91,43.32,145.57,63.41,13.09
533,Pocatello,1,US,1567699506,29,42.87,-112.44,78.8,2.37
534,Tubuala,40,PA,1567699506,78,9.52,-79.03,82.4,2.24
535,Katherine,70,AU,1567699318,36,-14.47,132.26,75.2,6.93
536,Bonavista,88,CA,1567699506,84,48.65,-53.11,70.0,8.99
537,Smithers,20,CA,1567699506,100,54.78,-127.17,41.0,1.07
538,Morshansk,100,RU,1567699506,58,53.44,41.81,65.21,3.83
539,Goderich,0,CA,1567699506,77,43.74,-81.71,66.99,3.0
540,Pingxiang,0,CN,1567699507,78,27.63,113.85,76.01,1.39
541,Champerico,5,MX,1567699507,58,16.38,-93.6,84.2,3.02
542,Longyearbyen,0,NO,1567699234,74,78.22,15.63,33.8,4.7
543,Otradnoye,40,RU,1567699507,49,59.77,30.8,69.8,8.95
544,Budisov nad Budisovkou,0,CZ,1567699507,41,49.8,17.63,77.0,8.05
